challenge_id,contest_id,domain,subdomain,difficulty,solved_submission_count,total_submissions_count
18e0a2dad5e127d6,c8ff662c97d345d2,Artificial Intelligence,Bot Building,0.97826087,319,655
0251520ace81bc57,c8ff662c97d345d2,Algorithms,Strings,0.894473399,765,1267
425f241df843cd89,c8ff662c97d345d2,Algorithms,Strings,0.908853487,1247,1864
970eca328814a522,c8ff662c97d345d2,Algorithms,Strings,0.902721686,453,835
46592c29655cfc5e,c8ff662c97d345d2,Algorithms,Strings,0.9,312,1363
2b51eed75e25e273,c8ff662c97d345d2,Algorithms,Strings,0.419343326,115,531
0a29ba3e013657fb,c8ff662c97d345d2,Algorithms,Dynamic Programming,0.788421297,241,457
2accc0ad0a7aaff2,c8ff662c97d345d2,Algorithms,Dynamic Programming,0.774951076,82,176
c4938bb070adf11e,c8ff662c97d345d2,Algorithms,Dynamic Programming,0.751474636,229,818
a110f92bd6ff06b9,c8ff662c97d345d2,Algorithms,Dynamic Programming,0.782652378,123,381
a9e66e4908fb003d,c8ff662c97d345d2,Artificial Intelligence,Bot Building,1,240,371
4e07173c3bba48d2,7039fc4af6ed4556,,,0.831781141,31,57
e60d8ab80ba5fcdf,7039fc4af6ed4556,,,0.76744186,15,86
479ba4f6b9d42417,7039fc4af6ed4556,,,0.492407809,12,49
9580a525da7618e9,2f6c6a2dd757af3e,,,0.941520468,13,16
0facb05a7fa521b4,2f6c6a2dd757af3e,,,0.688156638,7,33
888304da1c716f8e,2f6c6a2dd757af3e,,,0.7,1,2
45ebad7a3829ffe2,c8ff662c97d345d2,Data Structures,Linked Lists,0.987248964,590,636
93c2b432b22da096,daa4cc27262ca831,,,0.5,5,157
2959d31ddfd05d84,1bd6ef073f52be3d,,,0.67482737,18,39
80eb0a91e2f0e395,1bd6ef073f52be3d,,,0.9,13,34
dc97e128e6479e25,1bd6ef073f52be3d,,,0.227722772,7,31
c95b0f5ab5560346,1bd6ef073f52be3d,,,0.431818182,26,200
ad90d61c7d08ee7e,1bd6ef073f52be3d,,,0.564102564,7,44
2bd40d5d2746d586,1bd6ef073f52be3d,,,0.220338983,7,81
bce1cc31d29bb2b1,63facc3d92e52a61,,,0.445595855,5,26
8f13f768eed4d09b,63facc3d92e52a61,,,0.487272727,4,26
563468ff37d56306,63facc3d92e52a61,,,0.642857143,3,17
1231892018d9380b,63facc3d92e52a61,,,0.780821918,1,1
8e54acaf0e912003,63facc3d92e52a61,,,0.666666667,1,5
66dcd2db429e0cf5,63facc3d92e52a61,,,0.657894737,1,6
8433a9019b8006cb,ce9a3f131a2bf4a7,,,0.7,117,156
c0af13494532539f,6d0f73fdaf822f9b,,,0.850126816,9,16
3c4a109d5a09f0fb,6d0f73fdaf822f9b,,,0.666666667,6,17
4a1c59bfecc91922,6d0f73fdaf822f9b,,,0.125,5,28
bc9cf6267688568f,6d0f73fdaf822f9b,,,0.62804878,4,15
8d9ec6e3f0500705,860ce3deea5bbe9a,,,0.932980683,21,24
9a3b01ed309321bb,860ce3deea5bbe9a,,,0.678787879,8,67
2e3c6c73dee3a957,860ce3deea5bbe9a,,,0.609375,3,56
ce48d021a35d9580,860ce3deea5bbe9a,,,0.726190476,5,9
8ec7a50fc439edcf,860ce3deea5bbe9a,,,0.426136364,4,15
3b94e03348cc36b7,608d3889c41657fe,,,0.598086124,9,14
58f940847f4b244e,608d3889c41657fe,,,0.806758184,8,15
1079ddc30e03d3f7,608d3889c41657fe,,,0.699029126,6,6
ab336859bceb3363,608d3889c41657fe,,,0.710526316,6,13
676d6c14c284e023,608d3889c41657fe,,,0.720930233,4,11
6577ddd4cc839132,608d3889c41657fe,,,0.659574468,2,8
46592c29655cfc5e,751a395fd0bdc16e,,,0.9,15,68
3927a92a10f65b91,751a395fd0bdc16e,,,0.504802561,12,52
85957bca2ad6eaf3,751a395fd0bdc16e,,,0.691176471,8,56
fabfdd807e09f78e,751a395fd0bdc16e,,,0.578431373,7,18
4222cafa36341635,751a395fd0bdc16e,,,0.397959184,3,39
6544f8415783245d,5516857d2c6c7c6c,,,0.59752322,13,37
2131ae3296f8bd28,5516857d2c6c7c6c,,,0.9,6,36
b5da0130a2764b1f,5516857d2c6c7c6c,,,0.642857143,3,15
589e9f325bacb32a,5516857d2c6c7c6c,,,0.580645161,4,13
ef863d5d9813de58,31ae41ddf9265f3c,,,0.551470588,12,98
438b7c174034012b,31ae41ddf9265f3c,,,0.701492537,19,51
5db1b228c9c67af3,31ae41ddf9265f3c,,,0.465838509,10,45
3e58d6f2ba4743c7,31ae41ddf9265f3c,,,0.696969697,5,16
8ae95b7b0f20e81f,d9e6c7ce9a60ee61,,,0,25,26
e354ad41d7bab36d,60a9ba06b0186c33,,,0.99,12,22
cde02ee167114c7e,31ae41ddf9265f3c,,,0.398148148,8,13
8d8f0c01bf0cac1f,07ed069995630442,,,0.7,16,152
62567a21ffe9b2dd,07ed069995630442,,,0.913827655,15,46
6e20930259086c03,07ed069995630442,,,0.591836735,7,31
e8fd04ec8de6abb5,c80106f265b9e037,,,0.735642662,27,92
cb6a6f7801d17e6a,c80106f265b9e037,,,0.703703704,16,57
994c5f28374c0087,c80106f265b9e037,,,0.421052632,2,38
1312b5323162337f,c80106f265b9e037,,,0.5,3,12
f7cf70665e649cf3,c80106f265b9e037,,,0.470588235,2,15
425f241df843cd89,5a39df6c6eeed315,,,0.908853487,24,33
4dc4e8c1cb7e1358,5a39df6c6eeed315,,,0.609125475,11,59
07363d38a5a69f43,84f32ffa6676b2c1,,,0.9,12,15
6a6ec32a6f9df621,84f32ffa6676b2c1,,,0.7,3,9
7c79524f1dec180f,84f32ffa6676b2c1,,,0.7,4,14
aca2185fa9422ad1,84f32ffa6676b2c1,,,0.7,2,9
cc4570b51a7b565b,2b5fd89bb50d6c59,,,0.9,15,73
7fb479a085c9c322,2b5fd89bb50d6c59,,,0.9,6,46
3927fb4cdabb3eb4,2b5fd89bb50d6c59,,,0.7,9,47
668e9cd9f87e1678,2b5fd89bb50d6c59,,,0.7,13,77
78f3147ff824ca74,2b5fd89bb50d6c59,,,0.5,4,80
a73e6d3db86e683d,2b5fd89bb50d6c59,,,0.3,47,49
cbe0e3ba692d0c94,2b5fd89bb50d6c59,,,0.3,23,46
de49391cdc9089d3,2b5fd89bb50d6c59,,,0.3,3,6
705214f627aaa1f1,2b5fd89bb50d6c59,,,0.1,2,11
769f67a87e3374e3,005ad8d849ec3b61,,,0.9,12,90
94c449b2fd2ecec4,005ad8d849ec3b61,,,0.7,6,31
42529eb6b8a50c83,005ad8d849ec3b61,,,0.5,4,7
827ce8bb179f8d98,b862c31b13a6438b,,,0.9,14,56
0dfaff850ca371eb,b862c31b13a6438b,,,0.7,14,53
7bf01240f55d9474,b862c31b13a6438b,,,0.5,13,51
cbf292126b98f882,b862c31b13a6438b,,,0.3,25,43
67086bf13b38c1c4,5d70c374e6959faf,,,0.5,5,43
bd4c29bb36752224,5d70c374e6959faf,,,0.7,3,4
2fb45ec0a69d6d53,5d70c374e6959faf,,,0.7,3,12
d33bbba415bc600c,5d70c374e6959faf,,,0.7,2,7
889fadcf365e20d6,29602fc1cf9ce49b,,,0.9,70,231
f3b71913d7fa0c61,29602fc1cf9ce49b,,,0.9,63,100
788e796261d8fe7e,29602fc1cf9ce49b,,,0.9,46,133
6a52c1698d04d2fc,29602fc1cf9ce49b,,,0.5,9,202
220a626805d08f28,29602fc1cf9ce49b,,,0.5,2,28
00af4811ef54e51c,29602fc1cf9ce49b,,,0.5,9,97
7588bda916fce64e,fc9dfb49eecb191d,,,0.9,18,32
291bca99dd9726c2,fc9dfb49eecb191d,,,0.7,7,38
046cd4280239b594,fc9dfb49eecb191d,,,0.5,4,18
8b70cbd7f8b9a2af,c8ff662c97d345d2,C++,Introduction,0.9,1621,1763
4234a6f798992f02,c8ff662c97d345d2,C++,Introduction,0.9,917,1314
07e18856d86b7b31,c8ff662c97d345d2,C++,Introduction,0.9,683,1885
e05e63bcccbafedb,c8ff662c97d345d2,,,0.9,2009,2111
43b4c6b6f9de8346,c8ff662c97d345d2,Mathematics,Fundamentals,0.917709415,546,1198
feb666a0b4f1d685,c8ff662c97d345d2,Algorithms,Implementation,0.950181081,2367,3055
95db81fc1f3cc3da,c8ff662c97d345d2,Mathematics,Fundamentals,0.9,121,236
acb2effa0bc07b87,c8ff662c97d345d2,Mathematics,Fundamentals,0.958468395,246,382
b921e7bf238bd51d,5d70c374e6959faf,,,1,281,1656
8cb0820eb317bac5,5d70c374e6959faf,,,1,232,589
06f903c836d4c7fb,5d70c374e6959faf,,,1,113,866
a3be4bdcc06b3832,5d70c374e6959faf,,,0.7,108,212
70892c849d5a1cd0,5d70c374e6959faf,,,0.7,131,199
b56015dc2ad267f2,5d70c374e6959faf,,,1,156,317
a20a61eb8a15542e,5d70c374e6959faf,,,1,92,292
5f12b00bb46b5df7,5d70c374e6959faf,,,1,94,188
1d3c9df13cdedf5c,5d70c374e6959faf,,,1,60,399
f758305935dae6d7,5d70c374e6959faf,,,0.7,63,329
865b0a53fafacfe3,5d70c374e6959faf,,,1,51,164
25142e063056f5f6,5d70c374e6959faf,,,1,75,98
8d1dff872c2819be,5d70c374e6959faf,,,1,25,209
e082ffdb9256f94f,5d70c374e6959faf,,,1,55,127
ac5052e55fd2ee02,5d70c374e6959faf,,,1,27,109
d74e999dbab5c0ba,5d70c374e6959faf,,,1,36,112
ffc7defbbd656390,5d70c374e6959faf,,,1,16,71
3ccbec0a50cae237,5d70c374e6959faf,,,1,40,73
a6559e8a2a563442,5d70c374e6959faf,,,1,33,61
47d9c6c1d5e5c875,5d70c374e6959faf,,,1,23,83
c9566f6d5ab5d514,5d70c374e6959faf,,,1,16,29
9cf1f5c1678e91dd,5d70c374e6959faf,,,1,35,51
cef8c8bb8af2db00,5d70c374e6959faf,,,1,17,53
a923e8838777060b,5d70c374e6959faf,,,1,21,44
ef5dcabe994c349f,5d70c374e6959faf,,,1,14,22
cd1471adb87e8b48,5d70c374e6959faf,,,1,13,70
168dba7350c82552,5d70c374e6959faf,,,1,16,35
010d99944600fbb8,5d70c374e6959faf,,,1,20,35
0bfe98aba1d79ac3,5d70c374e6959faf,,,1,15,73
a5468c4656b6a9b9,5d70c374e6959faf,,,1,35,151
7f9615bbd54ff920,5d70c374e6959faf,,,1,25,93
beaa52b7104ebe8a,5d70c374e6959faf,,,1,30,53
f728b4da7a0ddf8b,5d70c374e6959faf,,,1,15,26
8524f64bb8355788,5d70c374e6959faf,,,1,15,42
9b8d2bb9a2c9daac,5d70c374e6959faf,,,1,9,102
9ceb4abd14dc3b51,5d70c374e6959faf,,,1,10,39
fef6c3a3b0e97012,5d70c374e6959faf,,,1,12,32
e2af1722192f6c80,5d70c374e6959faf,,,1,11,14
08870825bba95eb5,5d70c374e6959faf,,,1,11,28
a2aed5f6c80d2ff5,5d70c374e6959faf,,,1,10,19
0eaffd05b8d8ca08,5d70c374e6959faf,,,1,6,27
9777c63ee0b29174,5d70c374e6959faf,,,1,9,22
d6a9dde928cff43d,5d70c374e6959faf,,,1,5,60
0ea21bb9feaf46c8,c8ff662c97d345d2,Algorithms,Warmup,0.9,3572,4282
7e860acda8697471,c8ff662c97d345d2,Algorithms,Warmup,0.9,3769,5192
c9713aed1d68c5b5,c8ff662c97d345d2,Algorithms,Warmup,0.9,2675,3289
34386eca594b7bc2,c8ff662c97d345d2,Algorithms,Warmup,0.9,2631,3122
55f8a66f057a7e76,c8ff662c97d345d2,Algorithms,Warmup,0.9,2938,4409
b49bb8ec9c2b8481,c8ff662c97d345d2,Algorithms,Warmup,0.9,1908,7000
26c95b75d8237f39,c8ff662c97d345d2,Algorithms,Implementation,0.9,1781,3333
76fba8ff25f765b6,c8ff662c97d345d2,Algorithms,Implementation,0.858948033,1525,2429
9580a525da7618e9,c8ff662c97d345d2,Algorithms,Implementation,0.941520468,1064,1617
4e07173c3bba48d2,c8ff662c97d345d2,Algorithms,Implementation,0.831781141,916,2911
7847d8ac0b934e51,c8ff662c97d345d2,Algorithms,Implementation,0.7,671,840
55227bd84fac5b6b,c8ff662c97d345d2,Algorithms,Implementation,0.9,256,792
d53c7492541ddf04,c8ff662c97d345d2,Algorithms,Strings,0.9,557,1694
c0af13494532539f,c8ff662c97d345d2,Algorithms,Implementation,0.850126816,489,1444
6ed2a6b18d1ac4e4,c8ff662c97d345d2,Algorithms,Implementation,0.944705422,1086,1460
10fbfe48f770e0e9,c8ff662c97d345d2,Algorithms,Implementation,0.9,632,2427
eb1c02ce8ab444ba,c8ff662c97d345d2,Algorithms,Implementation,0.7,360,629
d6077bea22c37892,c8ff662c97d345d2,Algorithms,Implementation,0.765822785,358,1164
11ab6093d726ea4e,c8ff662c97d345d2,Algorithms,Implementation,0.7,345,936
659f2ceb67eca1ef,c8ff662c97d345d2,Algorithms,Greedy,0.817350956,1021,3118
ad1cc7894c991bbd,c8ff662c97d345d2,Algorithms,Implementation,0.869835269,547,1160
08245c18359694b1,c8ff662c97d345d2,Algorithms,Implementation,0.843928194,410,837
9cecb1d759459cc7,c8ff662c97d345d2,Algorithms,Implementation,0.9,377,829
5e85f62bcbb42ea2,c8ff662c97d345d2,Algorithms,Implementation,0.859466314,1005,1921
14494ad91c883fa1,c8ff662c97d345d2,Algorithms,Sorting,0.962859323,1170,1486
32863af4fa5c200b,c8ff662c97d345d2,Algorithms,Sorting,0.838093967,939,2615
cf7aec14125de538,c8ff662c97d345d2,Algorithms,Sorting,0.964769441,794,918
c3647a9292e553b9,c8ff662c97d345d2,Algorithms,Sorting,0.972068278,600,644
4e1bd7090485fcd9,c8ff662c97d345d2,Algorithms,Sorting,0.970977427,505,567
5c771a2d360dc3d4,3dbbd40af3bf63a1,,,0.9,106,149
ae2492d6136c955b,3dbbd40af3bf63a1,,,0.7,24,170
f693b1d35513a1bc,3dbbd40af3bf63a1,,,0.9,76,260
ee665e1938ce03b9,3dbbd40af3bf63a1,,,0.5,3,149
ca24b5d4272b9c13,3dbbd40af3bf63a1,,,0.3,0,87
3411e4e6add2b8e4,c8ff662c97d345d2,Algorithms,Sorting,0.931989247,514,663
daca00e89ba40904,c8ff662c97d345d2,Algorithms,Sorting,0.941884817,312,503
f144c87d3373f146,c8ff662c97d345d2,Algorithms,Sorting,0.952077334,274,361
0173f00226fa8137,c8ff662c97d345d2,Algorithms,Sorting,0.968848168,224,263
966232bc4c111693,c8ff662c97d345d2,Mathematics,Fundamentals,0.914123938,326,556
0622d28085b371fe,c8ff662c97d345d2,Mathematics,Fundamentals,0.980101702,324,415
366684b779574e86,c8ff662c97d345d2,Algorithms,Sorting,0.921273445,276,371
25faddcb996a6351,c8ff662c97d345d2,Algorithms,Sorting,0.795863909,207,430
27c65bab4f7ae58b,c8ff662c97d345d2,Algorithms,Sorting,0.816062648,251,475
0fc22f37330131d5,c8ff662c97d345d2,Algorithms,Sorting,0.804776258,215,472
0facb05a7fa521b4,c8ff662c97d345d2,Mathematics,Combinatorics,0.688156638,111,570
286001f675d5dc00,c8ff662c97d345d2,Algorithms,Strings,0.9,809,1287
a8fa4ef7a8bc43dc,c8ff662c97d345d2,Algorithms,Strings,0.941910192,1015,1370
1e5b724075cd3d1e,c8ff662c97d345d2,Algorithms,Strings,0.89903154,713,1181
2963acac637dbbd5,c8ff662c97d345d2,Algorithms,Strings,0.896572827,468,838
23e484585a3b5d71,c8ff662c97d345d2,Algorithms,Strings,0.9,508,1432
8d9ec6e3f0500705,c8ff662c97d345d2,Algorithms,Strings,0.932980683,939,1313
8af6cdc91a12dbed,c8ff662c97d345d2,Algorithms,Search,0.907232173,429,780
59ec55c0e537bfcf,c8ff662c97d345d2,Algorithms,Warmup,0.9,369,1277
2c353e1c39b2d174,5d70c374e6959faf,,,1,13,28
7f379545e1a00569,c8ff662c97d345d2,Algorithms,Graph Theory,0.7,291,1149
68105145a475054f,c8ff662c97d345d2,Algorithms,Graph Theory,0.5,144,618
edf2cbb012ca3165,c8ff662c97d345d2,Algorithms,Graph Theory,0.7,98,332
27efe455649ee698,c8ff662c97d345d2,Algorithms,Dynamic Programming,0.729954614,523,1135
0f2974a87af04441,c8ff662c97d345d2,Algorithms,Dynamic Programming,0.9,519,2200
1d1ef1c291bd1544,c8ff662c97d345d2,Algorithms,Dynamic Programming,0.781420765,126,324
1cc21aa79b1834fd,c8ff662c97d345d2,Algorithms,Dynamic Programming,0.5,244,832
8703a41f68340e0a,5d70c374e6959faf,,,1,14,32
a99ab8b0a55131d4,5d70c374e6959faf,,,1,36,64
8a01092818b4ca31,5d70c374e6959faf,,,0.7,26,52
6c2f00ab338830d5,29e7c48f06d799bd,,,0.9,47,50
8bc7477c0f6b0e13,c8ff662c97d345d2,Security,Functions,0.9,190,219
e5b37867e3d97548,c8ff662c97d345d2,Security,Functions,0.9,165,173
b83dc89a78927029,c8ff662c97d345d2,Java,Introduction,0.9,2087,2529
4ca32b2592ab73ba,c8ff662c97d345d2,Java,Introduction,0.9,1511,1754
133172ee60755587,c8ff662c97d345d2,Java,Introduction,0.9,1009,2329
daaa4f5cca620546,c8ff662c97d345d2,Java,Introduction,0.9,990,1881
5e3204219e25bd7a,c8ff662c97d345d2,Algorithms,Warmup,0.9,606,1013
663f8dc0a85f9d6d,c8ff662c97d345d2,Algorithms,Implementation,0.9,302,1020
5e7c4c10a3ceab24,c8ff662c97d345d2,Algorithms,Implementation,0.9,345,492
28d433f78afdce40,c8ff662c97d345d2,Data Structures,Linked Lists,0.969210674,1128,1376
04d37de4a52f9e22,c8ff662c97d345d2,Data Structures,Linked Lists,0.984681537,863,1115
55502212504a74d9,c8ff662c97d345d2,Data Structures,Linked Lists,0.986793837,823,862
75e907498c1d0925,c8ff662c97d345d2,Data Structures,Linked Lists,0.980810235,632,769
6ec64e7d27e0c635,c8ff662c97d345d2,SQL,Basic Select,0.9,965,1201
8bbb60c66212e3ab,c8ff662c97d345d2,SQL,Basic Select,0.9,867,1004
38564e955cd5b4ff,c8ff662c97d345d2,SQL,Basic Select,0.9,1108,1142
4d3079ffbc9d8b82,c8ff662c97d345d2,SQL,Basic Select,0.9,1003,1104
10679edd0b99c8ae,c8ff662c97d345d2,SQL,Basic Select,0.9,956,1016
923f5c94b00cbec8,c8ff662c97d345d2,SQL,Basic Select,0.9,925,997
f5bbe9d934a13b45,c8ff662c97d345d2,SQL,Basic Select,0.9,802,876
6a41e1519e35f8b6,c8ff662c97d345d2,SQL,Basic Select,0.9,707,926
711c06ee66bcfbbc,c8ff662c97d345d2,SQL,Basic Select,0.9,615,705
3e5dac248f78dc9e,c8ff662c97d345d2,SQL,Basic Select,0.9,412,578
3f76fd90abf08eff,c8ff662c97d345d2,SQL,Basic Select,0.9,446,500
d781198448d13b91,c8ff662c97d345d2,SQL,Basic Select,0.9,423,461
61886240110aab5d,c8ff662c97d345d2,Data Structures,Arrays,0.9,1203,1669
068e1dcc0ff293b2,c8ff662c97d345d2,Mathematics,Fundamentals,0.91356383,134,162
e791624cff8e291e,c8ff662c97d345d2,Mathematics,Fundamentals,0.878218722,141,361
b7fc8e21bccc89ef,deca314ce03bebaa,,,0.9,6,29
fd9948921cd9154d,deca314ce03bebaa,,,0.7,7,14
dcfb2e5fefd9c284,deca314ce03bebaa,,,0.5,5,11
03f695b30470d8a0,deca314ce03bebaa,,,0.5,4,27
d6512a596aa46e9c,deca314ce03bebaa,,,0.5,2,14
e791f544ddb37cd9,13764f698dd09bb8,,,0.6953125,25,95
f601c504af2e4151,13764f698dd09bb8,,,0.694029851,11,32
3ea1501e8ebd647b,c8ff662c97d345d2,Artificial Intelligence,Bot Building,0.869565217,80,333
4258057ce615b031,c8ff662c97d345d2,Artificial Intelligence,Bot Building,0.956521739,113,378
95ec5269b00989ea,c8ff662c97d345d2,Artificial Intelligence,Bot Building,0.5,22,210
a1a634218917004f,c8ff662c97d345d2,Artificial Intelligence,Bot Building,0.586956522,55,276
511a36667eca90f9,20de246c7ff33181,,,0.611650485,1,34
f0734c5517d19ba1,20de246c7ff33181,,,0.495260664,1,16
22948b6ee6a5aea3,626610cbea06c552,,,0.528731045,6,66
236dec13a662098a,c8ff662c97d345d2,,,0.315942029,182,421
22948b6ee6a5aea3,c8ff662c97d345d2,,,0.528731045,26,136
f22a848bd1f5a4a1,9f7f33de05b07520,,,0.052370842,19,23
b4d42d62678062e6,9f7f33de05b07520,,,0.866444073,0,62
1fda675611007959,9f7f33de05b07520,,,0.951890034,0,35
67a1b1d6367e38ea,c8ff662c97d345d2,,,0.964719491,526,577
5078a455b31e63dd,c8ff662c97d345d2,Python,Basic Data Types,0.961333333,238,269
8d1046770261e25f,c8ff662c97d345d2,Python,Strings,0.929939792,623,768
2e24268c4006b20a,c8ff662c97d345d2,Regex,Introduction,0.9,206,237
7a66b13dd8598e61,c8ff662c97d345d2,Regex,Introduction,0.9,145,234
7a56118d38127ac1,c8ff662c97d345d2,Regex,Introduction,0.9,139,150
880a5cbb626d2011,c8ff662c97d345d2,Regex,Introduction,0.9,128,159
bc30fbc3c6897b24,c8ff662c97d345d2,Regex,Introduction,0.9,124,143
49f80881a664fc21,c8ff662c97d345d2,Regex,Introduction,0.9,121,234
fb68b4c7862fa0cc,c8ff662c97d345d2,Regex,Character Class,0.9,87,196
b036c577445e8155,c8ff662c97d345d2,Regex,Character Class,0.9,82,116
e3c3e59caa291555,c8ff662c97d345d2,Regex,Character Class,0.9,72,278
4401e08288af700d,c8ff662c97d345d2,Regex,Repetitions,0.9,71,170
f2848e329711dab3,c8ff662c97d345d2,Regex,Repetitions,0.9,74,144
9d08d49c7c392888,c8ff662c97d345d2,Regex,Repetitions,0.9,72,102
45c4c818442560cb,c8ff662c97d345d2,Regex,Repetitions,0.9,70,89
beddb1944854cbf6,c8ff662c97d345d2,Regex,Repetitions,0.9,73,211
ad00adca9d7194ec,c8ff662c97d345d2,Regex,Grouping and Capturing,0.9,68,128
8d23f01b30336fac,c8ff662c97d345d2,Regex,Grouping and Capturing,0.9,69,90
13c9505468d13682,c8ff662c97d345d2,Regex,Grouping and Capturing,0.9,60,245
dcb76def3ced9d7b,c8ff662c97d345d2,Tutorials,30 Days of Code,0.9,2332,4026
fd32207d8c5795ab,c8ff662c97d345d2,Tutorials,30 Days of Code,0.9,1072,2049
4fe2da53074027da,c8ff662c97d345d2,Tutorials,30 Days of Code,0.9,1028,1927
f62ad414720a6b8a,c8ff662c97d345d2,Tutorials,30 Days of Code,0.9,987,1912
,,,,,,
,,,,,,
,,,,,,
,,,,,,
,,,,,,
,,,,,,
,,,,,,
,,,,,,
,,,,,,
,,,,,,
,,,,,,
,,,,,,
,,,,,,
,,,,,,
,,,,,,
,,,,,,
,,,,,,
,,,,,,
,,,,,,
,,,,,,
,,,,,,
,,,,,,
,,,,,,
,,,,,,
,,,,,,
,,,,,,
,,,,,,
,,,,,,
,,,,,,
,,,,,,
,,,,,,
,,,,,,
,,,,,,
,,,,,,
,,,,,,
,,,,,,
,,,,,,
,,,,,,
,,,,,,
,,,,,,
,,,,,,
,,,,,,
,,,,,,
,,,,,,
,,,,,,
,,,,,,
,,,,,,
,,,,,,
,,,,,,
,,,,,,
,,,,,,
,,,,,,
,,,,,,
,,,,,,
,,,,,,
,,,,,,
,,,,,,
,,,,,,
,,,,,,
,,,,,,
,,,,,,
,,,,,,
,,,,,,
,,,,,,
,,,,,,
,,,,,,
,,,,,,
,,,,,,
,,,,,,
,,,,,,
,,,,,,
,,,,,,
,,,,,,
,,,,,,
,,,,,,
,,,,,,
,,,,,,
,,,,,,
,,,,,,
,,,,,,
,,,,,,
,,,,,,
,,,,,,
,,,,,,
,,,,,,
,,,,,,
,,,,,,
,,,,,,
,,,,,,
,,,,,,
,,,,,,
,,,,,,
,,,,,,
,,,,,,
,,,,,,
,,,,,,
,,,,,,
,,,,,,
,,,,,,
,,,,,,
,,,,,,
,,,,,,
,,,,,,
,,,,,,
,,,,,,
,,,,,,
,,,,,,
,,,,,,
,,,,,,
,,,,,,
,,,,,,
,,,,,,
,,,,,,
,,,,,,
,,,,,,
,,,,,,
,,,,,,
,,,,,,
,,,,,,
,,,,,,
,,,,,,
,,,,,,
,,,,,,
,,,,,,
,,,,,,
,,,,,,
,,,,,,
,,,,,,
,,,,,,
,,,,,,
,,,,,,
,,,,,,
,,,,,,
,,,,,,
,,,,,,
,,,,,,
,,,,,,
,,,,,,
,,,,,,
,,,,,,
,,,,,,
,,,,,,
,,,,,,
,,,,,,
,,,,,,
,,,,,,
,,,,,,
,,,,,,
,,,,,,
,,,,,,
,,,,,,
,,,,,,
,,,,,,
,,,,,,
,,,,,,
,,,,,,
,,,,,,
,,,,,,
,,,,,,
,,,,,,
,,,,,,
,,,,,,
,,,,,,
,,,,,,
,,,,,,
,,,,,,
,,,,,,
,,,,,,
,,,,,,
,,,,,,
,,,,,,
,,,,,,
,,,,,,
,,,,,,
,,,,,,
,,,,,,
,,,,,,
,,,,,,
,,,,,,
,,,,,,
,,,,,,
,,,,,,
,,,,,,
,,,,,,
,,,,,,
,,,,,,
,,,,,,
,,,,,,
,,,,,,
,,,,,,
,,,,,,
,,,,,,
,,,,,,
,,,,,,
,,,,,,
,,,,,,
,,,,,,
,,,,,,
,,,,,,
,,,,,,
,,,,,,
,,,,,,
,,,,,,
,,,,,,
,,,,,,
,,,,,,
,,,,,,
,,,,,,
,,,,,,
,,,,,,
,,,,,,
,,,,,,
,,,,,,
,,,,,,
,,,,,,
,,,,,,
,,,,,,
,,,,,,
,,,,,,
,,,,,,
,,,,,,
,,,,,,
,,,,,,
,,,,,,
,,,,,,
,,,,,,
,,,,,,
,,,,,,
,,,,,,
,,,,,,
,,,,,,
,,,,,,
,,,,,,
,,,,,,
,,,,,,
,,,,,,
,,,,,,
,,,,,,
,,,,,,
,,,,,,
,,,,,,
,,,,,,
,,,,,,
,,,,,,
,,,,,,
,,,,,,
,,,,,,
,,,,,,
,,,,,,
,,,,,,
,,,,,,
,,,,,,
,,,,,,
,,,,,,
,,,,,,
,,,,,,
,,,,,,
,,,,,,
,,,,,,
,,,,,,
,,,,,,
,,,,,,
,,,,,,
,,,,,,
,,,,,,
,,,,,,
,,,,,,
,,,,,,
,,,,,,
,,,,,,
,,,,,,
,,,,,,
,,,,,,
,,,,,,
,,,,,,
,,,,,,
,,,,,,
,,,,,,
,,,,,,
,,,,,,
,,,,,,
,,,,,,
,,,,,,
,,,,,,
,,,,,,
,,,,,,
,,,,,,
,,,,,,
,,,,,,
,,,,,,
,,,,,,
,,,,,,
,,,,,,
,,,,,,
,,,,,,
,,,,,,
,,,,,,
,,,,,,
,,,,,,
,,,,,,
,,,,,,
,,,,,,
,,,,,,
,,,,,,
,,,,,,
,,,,,,
,,,,,,
,,,,,,
,,,,,,
,,,,,,
,,,,,,
,,,,,,
,,,,,,
,,,,,,
,,,,,,
,,,,,,
,,,,,,
,,,,,,
,,,,,,
,,,,,,
,,,,,,
,,,,,,
,,,,,,
,,,,,,
,,,,,,
,,,,,,
,,,,,,
,,,,,,
,,,,,,
,,,,,,
,,,,,,
,,,,,,
,,,,,,
,,,,,,
,,,,,,
,,,,,,
,,,,,,
,,,,,,
,,,,,,
,,,,,,
,,,,,,
,,,,,,
,,,,,,
,,,,,,
,,,,,,
,,,,,,
,,,,,,
,,,,,,
,,,,,,
,,,,,,
,,,,,,
,,,,,,
,,,,,,
,,,,,,
,,,,,,
,,,,,,
,,,,,,
,,,,,,
,,,,,,
,,,,,,
,,,,,,
,,,,,,
,,,,,,
,,,,,,
,,,,,,
,,,,,,
,,,,,,
,,,,,,
,,,,,,
,,,,,,
,,,,,,
,,,,,,
,,,,,,
,,,,,,
,,,,,,
,,,,,,
,,,,,,
,,,,,,
,,,,,,
,,,,,,
,,,,,,
,,,,,,
,,,,,,
,,,,,,
,,,,,,
,,,,,,
,,,,,,
,,,,,,
,,,,,,
,,,,,,
,,,,,,
,,,,,,
,,,,,,
,,,,,,
,,,,,,
,,,,,,
,,,,,,
,,,,,,
,,,,,,
,,,,,,
,,,,,,
,,,,,,
,,,,,,
,,,,,,
,,,,,,
,,,,,,
,,,,,,
,,,,,,
,,,,,,
,,,,,,
,,,,,,
,,,,,,
,,,,,,
,,,,,,
,,,,,,
,,,,,,
,,,,,,
,,,,,,
,,,,,,
,,,,,,
,,,,,,
,,,,,,
,,,,,,
,,,,,,
,,,,,,
,,,,,,
,,,,,,
,,,,,,
,,,,,,
,,,,,,
,,,,,,
,,,,,,
,,,,,,
,,,,,,
,,,,,,
,,,,,,
,,,,,,
,,,,,,
,,,,,,
,,,,,,
,,,,,,
,,,,,,
,,,,,,
,,,,,,
,,,,,,
,,,,,,
,,,,,,
,,,,,,
,,,,,,
,,,,,,
,,,,,,
,,,,,,
,,,,,,
,,,,,,
,,,,,,
,,,,,,
,,,,,,
,,,,,,
,,,,,,
,,,,,,
,,,,,,
,,,,,,
,,,,,,
,,,,,,
,,,,,,
,,,,,,
,,,,,,
,,,,,,
,,,,,,
,,,,,,
,,,,,,
,,,,,,
,,,,,,
,,,,,,
,,,,,,
,,,,,,
,,,,,,
,,,,,,
,,,,,,
,,,,,,
,,,,,,
,,,,,,
,,,,,,
,,,,,,
,,,,,,
,,,,,,
,,,,,,
,,,,,,
,,,,,,
,,,,,,
,,,,,,
,,,,,,
,,,,,,
,,,,,,
,,,,,,
,,,,,,
,,,,,,
,,,,,,
,,,,,,
,,,,,,
,,,,,,
,,,,,,
,,,,,,
,,,,,,
,,,,,,
,,,,,,
,,,,,,
,,,,,,
,,,,,,
,,,,,,
,,,,,,
,,,,,,
,,,,,,
,,,,,,
,,,,,,
,,,,,,
,,,,,,
,,,,,,
,,,,,,
,,,,,,
,,,,,,
,,,,,,
,,,,,,
,,,,,,
,,,,,,
,,,,,,
,,,,,,
,,,,,,
,,,,,,
,,,,,,
,,,,,,
,,,,,,
,,,,,,
,,,,,,
,,,,,,
,,,,,,
,,,,,,
,,,,,,
,,,,,,
,,,,,,
,,,,,,
,,,,,,
,,,,,,
,,,,,,
,,,,,,
,,,,,,
,,,,,,
,,,,,,
,,,,,,
,,,,,,
,,,,,,
,,,,,,
,,,,,,
,,,,,,
,,,,,,
,,,,,,
,,,,,,
,,,,,,
,,,,,,
,,,,,,
,,,,,,
,,,,,,
,,,,,,
,,,,,,
,,,,,,
,,,,,,
,,,,,,
,,,,,,
,,,,,,
,,,,,,
,,,,,,
,,,,,,
,,,,,,
,,,,,,
,,,,,,
,,,,,,
,,,,,,
,,,,,,
,,,,,,
,,,,,,
,,,,,,
,,,,,,
,,,,,,
,,,,,,
,,,,,,
,,,,,,
,,,,,,
,,,,,,
,,,,,,
,,,,,,
,,,,,,
,,,,,,
,,,,,,
,,,,,,
,,,,,,
,,,,,,
,,,,,,
,,,,,,
,,,,,,
,,,,,,
,,,,,,
,,,,,,
,,,,,,
,,,,,,
,,,,,,
,,,,,,
,,,,,,
,,,,,,
,,,,,,
,,,,,,
,,,,,,
,,,,,,
,,,,,,
,,,,,,
,,,,,,
,,,,,,
,,,,,,
,,,,,,
,,,,,,
,,,,,,
,,,,,,
,,,,,,
,,,,,,
,,,,,,
,,,,,,
,,,,,,
,,,,,,
,,,,,,
,,,,,,
,,,,,,
,,,,,,
,,,,,,
,,,,,,
,,,,,,
,,,,,,
,,,,,,
,,,,,,
,,,,,,
,,,,,,
,,,,,,
,,,,,,
,,,,,,
,,,,,,
,,,,,,
,,,,,,
,,,,,,
,,,,,,
,,,,,,
,,,,,,
,,,,,,
,,,,,,
,,,,,,
,,,,,,
,,,,,,
,,,,,,
,,,,,,
,,,,,,
,,,,,,
,,,,,,
,,,,,,
,,,,,,
,,,,,,
,,,,,,
,,,,,,
,,,,,,
,,,,,,
,,,,,,
,,,,,,
,,,,,,
,,,,,,
,,,,,,
,,,,,,
,,,,,,
,,,,,,
,,,,,,
,,,,,,
,,,,,,
,,,,,,
,,,,,,
,,,,,,
,,,,,,
,,,,,,
,,,,,,
,,,,,,
,,,,,,
,,,,,,
,,,,,,
,,,,,,
,,,,,,
,,,,,,
,,,,,,
,,,,,,
,,,,,,
,,,,,,
,,,,,,
,,,,,,
,,,,,,
,,,,,,
,,,,,,
,,,,,,
,,,,,,
,,,,,,
,,,,,,
,,,,,,
,,,,,,
,,,,,,
,,,,,,
,,,,,,
,,,,,,
,,,,,,
,,,,,,
,,,,,,
,,,,,,
,,,,,,
,,,,,,
,,,,,,
,,,,,,
,,,,,,
,,,,,,
,,,,,,
,,,,,,
,,,,,,
,,,,,,
,,,,,,
,,,,,,
,,,,,,
,,,,,,
,,,,,,
,,,,,,
,,,,,,
,,,,,,
,,,,,,
,,,,,,
,,,,,,
,,,,,,
,,,,,,
,,,,,,
,,,,,,
,,,,,,
,,,,,,
,,,,,,
,,,,,,
,,,,,,
,,,,,,
,,,,,,
,,,,,,
,,,,,,
,,,,,,
,,,,,,
,,,,,,
,,,,,,
,,,,,,
,,,,,,
,,,,,,
,,,,,,
,,,,,,
,,,,,,
,,,,,,
,,,,,,
,,,,,,
,,,,,,
,,,,,,
,,,,,,
,,,,,,
,,,,,,
,,,,,,
,,,,,,
,,,,,,
,,,,,,
,,,,,,
,,,,,,
,,,,,,
,,,,,,
,,,,,,
,,,,,,
,,,,,,
,,,,,,
,,,,,,
,,,,,,
,,,,,,
,,,,,,
,,,,,,
,,,,,,
,,,,,,
,,,,,,
,,,,,,
,,,,,,
,,,,,,
,,,,,,
,,,,,,
,,,,,,
,,,,,,
,,,,,,
,,,,,,
,,,,,,
,,,,,,
,,,,,,
,,,,,,
,,,,,,
,,,,,,
,,,,,,
,,,,,,
,,,,,,
,,,,,,
,,,,,,
,,,,,,
,,,,,,
,,,,,,
,,,,,,
,,,,,,
,,,,,,
,,,,,,
,,,,,,
,,,,,,
,,,,,,
,,,,,,
,,,,,,
,,,,,,
,,,,,,
,,,,,,
,,,,,,
,,,,,,
,,,,,,
,,,,,,
,,,,,,
,,,,,,
,,,,,,
,,,,,,
,,,,,,
,,,,,,
,,,,,,
,,,,,,
,,,,,,
,,,,,,
,,,,,,
,,,,,,
,,,,,,
,,,,,,
,,,,,,
,,,,,,
,,,,,,
,,,,,,
,,,,,,
,,,,,,
,,,,,,
,,,,,,
,,,,,,
,,,,,,
,,,,,,
,,,,,,
,,,,,,
,,,,,,
,,,,,,
,,,,,,
,,,,,,
,,,,,,
,,,,,,
,,,,,,
,,,,,,
,,,,,,
,,,,,,
,,,,,,
,,,,,,
,,,,,,
,,,,,,
,,,,,,
,,,,,,
,,,,,,
,,,,,,
,,,,,,
,,,,,,
,,,,,,
,,,,,,
,,,,,,
,,,,,,
,,,,,,
,,,,,,
,,,,,,
,,,,,,
,,,,,,
,,,,,,
,,,,,,
,,,,,,
,,,,,,
,,,,,,
,,,,,,
,,,,,,
,,,,,,
,,,,,,
,,,,,,
,,,,,,
,,,,,,
,,,,,,
,,,,,,
,,,,,,
,,,,,,
,,,,,,
,,,,,,
,,,,,,
,,,,,,
,,,,,,
,,,,,,
,,,,,,
,,,,,,
,,,,,,
,,,,,,
,,,,,,
,,,,,,
,,,,,,
,,,,,,
,,,,,,
,,,,,,
,,,,,,
,,,,,,
,,,,,,
,,,,,,
,,,,,,
,,,,,,
,,,,,,
,,,,,,
,,,,,,
,,,,,,
,,,,,,
,,,,,,
,,,,,,
,,,,,,
,,,,,,
,,,,,,
,,,,,,
,,,,,,
,,,,,,
,,,,,,
,,,,,,
,,,,,,
,,,,,,
,,,,,,
,,,,,,
,,,,,,
,,,,,,
,,,,,,
,,,,,,
,,,,,,
,,,,,,
,,,,,,
,,,,,,
,,,,,,
,,,,,,
,,,,,,
,,,,,,
,,,,,,
,,,,,,
,,,,,,
,,,,,,
,,,,,,
,,,,,,
,,,,,,
,,,,,,
,,,,,,
,,,,,,
,,,,,,
,,,,,,
,,,,,,
,,,,,,
,,,,,,
,,,,,,
,,,,,,
,,,,,,
,,,,,,
,,,,,,
,,,,,,
,,,,,,
,,,,,,
,,,,,,
,,,,,,
,,,,,,
,,,,,,
,,,,,,
,,,,,,
,,,,,,
,,,,,,
,,,,,,
,,,,,,
,,,,,,
,,,,,,
,,,,,,
,,,,,,
,,,,,,
,,,,,,
,,,,,,
,,,,,,
,,,,,,
,,,,,,
,,,,,,
,,,,,,
,,,,,,
,,,,,,
,,,,,,
,,,,,,
,,,,,,
,,,,,,
,,,,,,
,,,,,,
,,,,,,
,,,,,,
,,,,,,
,,,,,,
,,,,,,
,,,,,,
,,,,,,
,,,,,,
,,,,,,
,,,,,,
,,,,,,
,,,,,,
,,,,,,
,,,,,,
,,,,,,
,,,,,,
,,,,,,
,,,,,,
,,,,,,
,,,,,,
,,,,,,
,,,,,,
,,,,,,
,,,,,,
,,,,,,
,,,,,,
,,,,,,
,,,,,,
,,,,,,
,,,,,,
,,,,,,
,,,,,,
,,,,,,
,,,,,,
,,,,,,
,,,,,,
,,,,,,
,,,,,,
,,,,,,
,,,,,,
,,,,,,
,,,,,,
,,,,,,
,,,,,,
,,,,,,
,,,,,,
,,,,,,
,,,,,,
,,,,,,
,,,,,,
,,,,,,
,,,,,,
,,,,,,
,,,,,,
,,,,,,
,,,,,,
,,,,,,
,,,,,,
,,,,,,
,,,,,,
,,,,,,
,,,,,,
,,,,,,
,,,,,,
,,,,,,
,,,,,,
,,,,,,
,,,,,,
,,,,,,
,,,,,,
,,,,,,
,,,,,,
,,,,,,
,,,,,,
,,,,,,
,,,,,,
,,,,,,
,,,,,,
,,,,,,
,,,,,,
,,,,,,
,,,,,,
,,,,,,
,,,,,,
,,,,,,
,,,,,,
,,,,,,
,,,,,,
,,,,,,
,,,,,,
,,,,,,
,,,,,,
,,,,,,
,,,,,,
,,,,,,
,,,,,,
,,,,,,
,,,,,,
,,,,,,
,,,,,,
,,,,,,
,,,,,,
,,,,,,
,,,,,,
,,,,,,
,,,,,,
,,,,,,
,,,,,,
,,,,,,
,,,,,,
,,,,,,
,,,,,,
,,,,,,
,,,,,,
,,,,,,
,,,,,,
,,,,,,
,,,,,,
,,,,,,
,,,,,,
,,,,,,
,,,,,,
,,,,,,
,,,,,,
,,,,,,
,,,,,,
,,,,,,
,,,,,,
,,,,,,
,,,,,,
,,,,,,
,,,,,,
,,,,,,
,,,,,,
,,,,,,
,,,,,,
,,,,,,
,,,,,,
,,,,,,
,,,,,,
,,,,,,
,,,,,,
,,,,,,
,,,,,,
,,,,,,
,,,,,,
,,,,,,
,,,,,,
,,,,,,
,,,,,,
,,,,,,
,,,,,,
,,,,,,
,,,,,,
,,,,,,
,,,,,,
,,,,,,
,,,,,,
,,,,,,
,,,,,,
,,,,,,
,,,,,,
,,,,,,
,,,,,,
,,,,,,
,,,,,,
,,,,,,
,,,,,,
,,,,,,
,,,,,,
,,,,,,
,,,,,,
,,,,,,
,,,,,,
,,,,,,
,,,,,,
,,,,,,
,,,,,,
,,,,,,
,,,,,,
,,,,,,
,,,,,,
,,,,,,
,,,,,,
,,,,,,
,,,,,,
,,,,,,
,,,,,,
,,,,,,
,,,,,,
,,,,,,
,,,,,,
,,,,,,
,,,,,,
,,,,,,
,,,,,,
,,,,,,
,,,,,,
,,,,,,
,,,,,,
,,,,,,
,,,,,,
,,,,,,
,,,,,,
,,,,,,
,,,,,,
,,,,,,
,,,,,,
,,,,,,
,,,,,,
,,,,,,
,,,,,,
,,,,,,
,,,,,,
,,,,,,
,,,,,,
,,,,,,
,,,,,,
,,,,,,
,,,,,,
,,,,,,
,,,,,,
,,,,,,
,,,,,,
,,,,,,
,,,,,,
,,,,,,
,,,,,,
,,,,,,
,,,,,,
,,,,,,
,,,,,,
,,,,,,
,,,,,,
,,,,,,
,,,,,,
,,,,,,
,,,,,,
,,,,,,
,,,,,,
,,,,,,
,,,,,,
,,,,,,
,,,,,,
,,,,,,
,,,,,,
,,,,,,
,,,,,,
,,,,,,
,,,,,,
,,,,,,
,,,,,,
,,,,,,
,,,,,,
,,,,,,
,,,,,,
,,,,,,
,,,,,,
,,,,,,
,,,,,,
,,,,,,
,,,,,,
,,,,,,
,,,,,,
,,,,,,
,,,,,,
,,,,,,
,,,,,,
,,,,,,
,,,,,,
,,,,,,
,,,,,,
,,,,,,
,,,,,,
,,,,,,
,,,,,,
,,,,,,
,,,,,,
,,,,,,
,,,,,,
,,,,,,
,,,,,,
,,,,,,
,,,,,,
,,,,,,
,,,,,,
,,,,,,
,,,,,,
,,,,,,
,,,,,,
,,,,,,
,,,,,,
,,,,,,
,,,,,,
,,,,,,
,,,,,,
,,,,,,
,,,,,,
,,,,,,
,,,,,,
,,,,,,
,,,,,,
,,,,,,
,,,,,,
,,,,,,
,,,,,,
,,,,,,
,,,,,,
,,,,,,
,,,,,,
,,,,,,
,,,,,,
,,,,,,
,,,,,,
,,,,,,
,,,,,,
,,,,,,
,,,,,,
,,,,,,
,,,,,,
,,,,,,
,,,,,,
,,,,,,
,,,,,,
,,,,,,
,,,,,,
,,,,,,
,,,,,,
,,,,,,
,,,,,,
,,,,,,
,,,,,,
,,,,,,
,,,,,,
,,,,,,
,,,,,,
,,,,,,
,,,,,,
,,,,,,
,,,,,,
,,,,,,
,,,,,,
,,,,,,
,,,,,,
,,,,,,
,,,,,,
,,,,,,
,,,,,,
,,,,,,
,,,,,,
,,,,,,
,,,,,,
,,,,,,
,,,,,,
,,,,,,
,,,,,,
,,,,,,
,,,,,,
,,,,,,
,,,,,,
,,,,,,
,,,,,,
,,,,,,
,,,,,,
,,,,,,
,,,,,,
,,,,,,
,,,,,,
,,,,,,
,,,,,,
,,,,,,
,,,,,,
,,,,,,
,,,,,,
,,,,,,
,,,,,,
,,,,,,
,,,,,,
,,,,,,
,,,,,,
,,,,,,
,,,,,,
,,,,,,
,,,,,,
,,,,,,
,,,,,,
,,,,,,
,,,,,,
,,,,,,
,,,,,,
,,,,,,
,,,,,,
,,,,,,
,,,,,,
,,,,,,
,,,,,,
,,,,,,
,,,,,,
,,,,,,
,,,,,,
,,,,,,
,,,,,,
,,,,,,
,,,,,,
,,,,,,
,,,,,,
,,,,,,
,,,,,,
,,,,,,
,,,,,,
,,,,,,
,,,,,,
,,,,,,
,,,,,,
,,,,,,
,,,,,,
,,,,,,
,,,,,,
,,,,,,
,,,,,,
,,,,,,
,,,,,,
,,,,,,
,,,,,,
,,,,,,
,,,,,,
,,,,,,
,,,,,,
,,,,,,
,,,,,,
,,,,,,
,,,,,,
,,,,,,
,,,,,,
,,,,,,
,,,,,,
,,,,,,
,,,,,,
,,,,,,
,,,,,,
,,,,,,
,,,,,,
,,,,,,
,,,,,,
,,,,,,
,,,,,,
,,,,,,
,,,,,,
,,,,,,
,,,,,,
,,,,,,
,,,,,,
,,,,,,
,,,,,,
,,,,,,
,,,,,,
,,,,,,
,,,,,,
,,,,,,
,,,,,,
,,,,,,
,,,,,,
,,,,,,
,,,,,,
,,,,,,
,,,,,,
,,,,,,
,,,,,,
,,,,,,
,,,,,,
,,,,,,
,,,,,,
,,,,,,
,,,,,,
,,,,,,
,,,,,,
,,,,,,
,,,,,,
,,,,,,
,,,,,,
,,,,,,
,,,,,,
,,,,,,
,,,,,,
,,,,,,
,,,,,,
,,,,,,
,,,,,,
,,,,,,
,,,,,,
,,,,,,
,,,,,,
,,,,,,
,,,,,,
,,,,,,
,,,,,,
,,,,,,
,,,,,,
,,,,,,
,,,,,,
,,,,,,
,,,,,,
,,,,,,
,,,,,,
,,,,,,
,,,,,,
,,,,,,
,,,,,,
,,,,,,
,,,,,,
,,,,,,
,,,,,,
,,,,,,
,,,,,,
,,,,,,
,,,,,,
,,,,,,
,,,,,,
,,,,,,
,,,,,,
,,,,,,
,,,,,,
,,,,,,
,,,,,,
,,,,,,
,,,,,,
,,,,,,
,,,,,,
,,,,,,
,,,,,,
,,,,,,
,,,,,,
,,,,,,
,,,,,,
,,,,,,
,,,,,,
,,,,,,
,,,,,,
,,,,,,
,,,,,,
,,,,,,
,,,,,,
,,,,,,
,,,,,,
,,,,,,
,,,,,,
,,,,,,
,,,,,,
,,,,,,
,,,,,,
,,,,,,
,,,,,,
,,,,,,
,,,,,,
,,,,,,
,,,,,,
,,,,,,
,,,,,,
,,,,,,
,,,,,,
,,,,,,
,,,,,,
,,,,,,
,,,,,,
,,,,,,
,,,,,,
,,,,,,
,,,,,,
,,,,,,
,,,,,,
,,,,,,
,,,,,,
,,,,,,
,,,,,,
,,,,,,
,,,,,,
,,,,,,
,,,,,,
,,,,,,
,,,,,,
,,,,,,
,,,,,,
,,,,,,
,,,,,,
,,,,,,
,,,,,,
,,,,,,
,,,,,,
,,,,,,
,,,,,,
,,,,,,
,,,,,,
,,,,,,
,,,,,,
,,,,,,
,,,,,,
,,,,,,
,,,,,,
,,,,,,
,,,,,,
,,,,,,
,,,,,,
,,,,,,
,,,,,,
,,,,,,
,,,,,,
,,,,,,
,,,,,,
,,,,,,
,,,,,,
,,,,,,
,,,,,,
,,,,,,
,,,,,,
,,,,,,
,,,,,,
,,,,,,
,,,,,,
,,,,,,
,,,,,,
,,,,,,
,,,,,,
,,,,,,
,,,,,,
,,,,,,
,,,,,,
,,,,,,
,,,,,,
,,,,,,
,,,,,,
,,,,,,
,,,,,,
,,,,,,
,,,,,,
,,,,,,
,,,,,,
,,,,,,
,,,,,,
,,,,,,
,,,,,,
,,,,,,
,,,,,,
,,,,,,
,,,,,,
,,,,,,
,,,,,,
,,,,,,
,,,,,,
,,,,,,
,,,,,,
,,,,,,
,,,,,,
,,,,,,
,,,,,,
,,,,,,
,,,,,,
,,,,,,
,,,,,,
,,,,,,
,,,,,,
,,,,,,
,,,,,,
,,,,,,
,,,,,,
,,,,,,
,,,,,,
,,,,,,
,,,,,,
,,,,,,
,,,,,,
,,,,,,
,,,,,,
,,,,,,
,,,,,,
,,,,,,
,,,,,,
,,,,,,
,,,,,,
,,,,,,
,,,,,,
,,,,,,
,,,,,,
,,,,,,
,,,,,,
,,,,,,
,,,,,,
,,,,,,
,,,,,,
,,,,,,
,,,,,,
,,,,,,
,,,,,,
,,,,,,
,,,,,,
,,,,,,
,,,,,,
,,,,,,
,,,,,,
,,,,,,
,,,,,,
,,,,,,
,,,,,,
,,,,,,
,,,,,,
,,,,,,
,,,,,,
,,,,,,
,,,,,,
,,,,,,
,,,,,,
,,,,,,
,,,,,,
,,,,,,
,,,,,,
,,,,,,
,,,,,,
,,,,,,
,,,,,,
,,,,,,
,,,,,,
,,,,,,
,,,,,,
,,,,,,
,,,,,,
,,,,,,
,,,,,,
,,,,,,
,,,,,,
,,,,,,
,,,,,,
,,,,,,
,,,,,,
,,,,,,
,,,,,,
,,,,,,
,,,,,,
,,,,,,
,,,,,,
,,,,,,
,,,,,,
,,,,,,
,,,,,,
,,,,,,
,,,,,,
,,,,,,
,,,,,,
,,,,,,
,,,,,,
,,,,,,
,,,,,,
,,,,,,
,,,,,,
,,,,,,
,,,,,,
,,,,,,
,,,,,,
,,,,,,
,,,,,,
,,,,,,
,,,,,,
,,,,,,
,,,,,,
,,,,,,
,,,,,,
,,,,,,
,,,,,,
,,,,,,
,,,,,,
,,,,,,
,,,,,,
,,,,,,
,,,,,,
,,,,,,
,,,,,,
,,,,,,
,,,,,,
,,,,,,
,,,,,,
,,,,,,
,,,,,,
,,,,,,
,,,,,,
,,,,,,
,,,,,,
,,,,,,
,,,,,,
,,,,,,
,,,,,,
,,,,,,
,,,,,,
,,,,,,
,,,,,,
,,,,,,
,,,,,,
,,,,,,
,,,,,,
,,,,,,
,,,,,,
,,,,,,
,,,,,,
,,,,,,
,,,,,,
,,,,,,
,,,,,,
,,,,,,
,,,,,,
,,,,,,
,,,,,,
,,,,,,
,,,,,,
,,,,,,
,,,,,,
,,,,,,
,,,,,,
,,,,,,
,,,,,,
,,,,,,
,,,,,,
,,,,,,
,,,,,,
,,,,,,
,,,,,,
,,,,,,
,,,,,,
,,,,,,
,,,,,,
,,,,,,
,,,,,,
,,,,,,
,,,,,,
,,,,,,
,,,,,,
,,,,,,
,,,,,,
,,,,,,
,,,,,,
,,,,,,
,,,,,,
,,,,,,
,,,,,,
,,,,,,
,,,,,,
,,,,,,
,,,,,,
,,,,,,
,,,,,,
,,,,,,
,,,,,,
,,,,,,
,,,,,,
,,,,,,
,,,,,,
,,,,,,
,,,,,,
,,,,,,
,,,,,,
,,,,,,
,,,,,,
,,,,,,
,,,,,,
,,,,,,
,,,,,,
,,,,,,
,,,,,,
,,,,,,
,,,,,,
,,,,,,
,,,,,,
,,,,,,
,,,,,,
,,,,,,
,,,,,,
,,,,,,
,,,,,,
,,,,,,
,,,,,,
,,,,,,
,,,,,,
,,,,,,
,,,,,,
,,,,,,
,,,,,,
,,,,,,
,,,,,,
,,,,,,
,,,,,,
,,,,,,
,,,,,,
,,,,,,
,,,,,,
,,,,,,
,,,,,,
,,,,,,
,,,,,,
,,,,,,
,,,,,,
,,,,,,
,,,,,,
,,,,,,
,,,,,,
,,,,,,
,,,,,,
,,,,,,
,,,,,,
,,,,,,
,,,,,,
,,,,,,
,,,,,,
,,,,,,
,,,,,,
,,,,,,
,,,,,,
,,,,,,
,,,,,,
,,,,,,
,,,,,,
,,,,,,
,,,,,,
,,,,,,
,,,,,,
,,,,,,
,,,,,,
,,,,,,
,,,,,,
,,,,,,
,,,,,,
,,,,,,
,,,,,,
,,,,,,
,,,,,,
,,,,,,
,,,,,,
,,,,,,
,,,,,,
,,,,,,
,,,,,,
,,,,,,
,,,,,,
,,,,,,
,,,,,,
,,,,,,
,,,,,,
,,,,,,
,,,,,,
,,,,,,
,,,,,,
,,,,,,
,,,,,,
,,,,,,
,,,,,,
,,,,,,
,,,,,,
,,,,,,
,,,,,,
,,,,,,
,,,,,,
,,,,,,
,,,,,,
,,,,,,
,,,,,,
,,,,,,
,,,,,,
,,,,,,
,,,,,,
,,,,,,
,,,,,,
,,,,,,
,,,,,,
,,,,,,
,,,,,,
,,,,,,
,,,,,,
,,,,,,
,,,,,,
,,,,,,
,,,,,,
,,,,,,
,,,,,,
,,,,,,
,,,,,,
,,,,,,
,,,,,,
,,,,,,
,,,,,,
,,,,,,
,,,,,,
,,,,,,
,,,,,,
,,,,,,
,,,,,,
,,,,,,
,,,,,,
,,,,,,
,,,,,,
,,,,,,
,,,,,,
,,,,,,
,,,,,,
,,,,,,
,,,,,,
,,,,,,
,,,,,,
,,,,,,
,,,,,,
,,,,,,
,,,,,,
,,,,,,
,,,,,,
,,,,,,
,,,,,,
,,,,,,
,,,,,,
,,,,,,
,,,,,,
,,,,,,
,,,,,,
,,,,,,
,,,,,,
,,,,,,
,,,,,,
,,,,,,
,,,,,,
,,,,,,
,,,,,,
,,,,,,
,,,,,,
,,,,,,
,,,,,,
,,,,,,
,,,,,,
,,,,,,
,,,,,,
,,,,,,
,,,,,,
,,,,,,
,,,,,,
,,,,,,
,,,,,,
,,,,,,
,,,,,,
,,,,,,
,,,,,,
,,,,,,
,,,,,,
,,,,,,
,,,,,,
,,,,,,
,,,,,,
,,,,,,
,,,,,,
,,,,,,
,,,,,,
,,,,,,
,,,,,,
,,,,,,
,,,,,,
,,,,,,
,,,,,,
,,,,,,
,,,,,,
,,,,,,
,,,,,,
,,,,,,
,,,,,,
,,,,,,
,,,,,,
,,,,,,
,,,,,,
,,,,,,
,,,,,,
,,,,,,
,,,,,,
,,,,,,
,,,,,,
,,,,,,
,,,,,,
,,,,,,
,,,,,,
,,,,,,
,,,,,,
,,,,,,
,,,,,,
,,,,,,
,,,,,,
,,,,,,
,,,,,,
,,,,,,
,,,,,,
,,,,,,
,,,,,,
,,,,,,
,,,,,,
,,,,,,
,,,,,,
,,,,,,
,,,,,,
,,,,,,
,,,,,,
,,,,,,
,,,,,,
,,,,,,
,,,,,,
,,,,,,
,,,,,,
,,,,,,
,,,,,,
,,,,,,
,,,,,,
,,,,,,
,,,,,,
,,,,,,
,,,,,,
,,,,,,
,,,,,,
,,,,,,
,,,,,,
,,,,,,
,,,,,,
,,,,,,
,,,,,,
,,,,,,
,,,,,,
,,,,,,
,,,,,,
,,,,,,
,,,,,,
,,,,,,
,,,,,,
,,,,,,
,,,,,,
,,,,,,
,,,,,,
,,,,,,
,,,,,,
,,,,,,
,,,,,,
,,,,,,
,,,,,,
,,,,,,
,,,,,,
,,,,,,
,,,,,,
,,,,,,
,,,,,,
,,,,,,
,,,,,,
,,,,,,
,,,,,,
,,,,,,
,,,,,,
,,,,,,
,,,,,,
,,,,,,
,,,,,,
,,,,,,
,,,,,,
,,,,,,
,,,,,,
,,,,,,
,,,,,,
,,,,,,
,,,,,,
,,,,,,
,,,,,,
,,,,,,
,,,,,,
,,,,,,
,,,,,,
,,,,,,
,,,,,,
,,,,,,
,,,,,,
,,,,,,
,,,,,,
,,,,,,
,,,,,,
,,,,,,
,,,,,,
,,,,,,
,,,,,,
,,,,,,
,,,,,,
,,,,,,
,,,,,,
,,,,,,
,,,,,,
,,,,,,
,,,,,,
,,,,,,
,,,,,,
,,,,,,
,,,,,,
,,,,,,
,,,,,,
,,,,,,
,,,,,,
,,,,,,
,,,,,,
,,,,,,
,,,,,,
,,,,,,
,,,,,,
,,,,,,
,,,,,,
,,,,,,
,,,,,,
,,,,,,
,,,,,,
,,,,,,
,,,,,,
,,,,,,
,,,,,,
,,,,,,
,,,,,,
,,,,,,
,,,,,,
,,,,,,
,,,,,,
,,,,,,
,,,,,,
,,,,,,
,,,,,,
,,,,,,
,,,,,,
,,,,,,
,,,,,,
,,,,,,
,,,,,,
,,,,,,
,,,,,,
,,,,,,
,,,,,,
,,,,,,
,,,,,,
,,,,,,
,,,,,,
,,,,,,
,,,,,,
,,,,,,
,,,,,,
,,,,,,
,,,,,,
,,,,,,
,,,,,,
,,,,,,
,,,,,,
,,,,,,
,,,,,,
,,,,,,
,,,,,,
,,,,,,
,,,,,,
,,,,,,
,,,,,,
,,,,,,
,,,,,,
,,,,,,
,,,,,,
,,,,,,
,,,,,,
,,,,,,
,,,,,,
,,,,,,
,,,,,,
,,,,,,
,,,,,,
,,,,,,
,,,,,,
,,,,,,
,,,,,,
,,,,,,
,,,,,,
,,,,,,
,,,,,,
,,,,,,
,,,,,,
,,,,,,
,,,,,,
,,,,,,
,,,,,,
,,,,,,
,,,,,,
,,,,,,
,,,,,,
,,,,,,
,,,,,,
,,,,,,
,,,,,,
,,,,,,
,,,,,,
,,,,,,
,,,,,,
,,,,,,
,,,,,,
,,,,,,
,,,,,,
,,,,,,
,,,,,,
,,,,,,
,,,,,,
,,,,,,
,,,,,,
,,,,,,
,,,,,,
,,,,,,
,,,,,,
,,,,,,
,,,,,,
,,,,,,
,,,,,,
,,,,,,
,,,,,,
,,,,,,
,,,,,,
,,,,,,
,,,,,,
,,,,,,
,,,,,,
,,,,,,
,,,,,,
,,,,,,
,,,,,,
,,,,,,
,,,,,,
,,,,,,
,,,,,,
,,,,,,
,,,,,,
,,,,,,
,,,,,,
,,,,,,
,,,,,,
,,,,,,
,,,,,,
,,,,,,
,,,,,,
,,,,,,
,,,,,,
,,,,,,
,,,,,,
,,,,,,
,,,,,,
,,,,,,
,,,,,,
,,,,,,
,,,,,,
,,,,,,
,,,,,,
,,,,,,
,,,,,,
,,,,,,
,,,,,,
,,,,,,
,,,,,,
,,,,,,
,,,,,,
,,,,,,
,,,,,,
,,,,,,
,,,,,,
,,,,,,
,,,,,,
,,,,,,
,,,,,,
,,,,,,
,,,,,,
,,,,,,
,,,,,,
,,,,,,
,,,,,,
,,,,,,
,,,,,,
,,,,,,
,,,,,,
,,,,,,
,,,,,,
,,,,,,
,,,,,,
,,,,,,
,,,,,,
,,,,,,
,,,,,,
,,,,,,
,,,,,,
,,,,,,
,,,,,,
,,,,,,
,,,,,,
,,,,,,
,,,,,,
,,,,,,
,,,,,,
,,,,,,
,,,,,,
,,,,,,
,,,,,,
,,,,,,
,,,,,,
,,,,,,
,,,,,,
,,,,,,
,,,,,,
,,,,,,
,,,,,,
,,,,,,
,,,,,,
,,,,,,
,,,,,,
,,,,,,
,,,,,,
,,,,,,
,,,,,,
,,,,,,
,,,,,,
,,,,,,
,,,,,,
,,,,,,
,,,,,,
,,,,,,
,,,,,,
,,,,,,
,,,,,,
,,,,,,
,,,,,,
,,,,,,
,,,,,,
,,,,,,
,,,,,,
,,,,,,
,,,,,,
,,,,,,
,,,,,,
,,,,,,
,,,,,,
,,,,,,
,,,,,,
,,,,,,
,,,,,,
,,,,,,
,,,,,,
,,,,,,
,,,,,,
,,,,,,
,,,,,,
,,,,,,
,,,,,,
,,,,,,
,,,,,,
,,,,,,
,,,,,,
,,,,,,
,,,,,,
,,,,,,
,,,,,,
,,,,,,
,,,,,,
,,,,,,
,,,,,,
,,,,,,
,,,,,,
,,,,,,
,,,,,,
,,,,,,
,,,,,,
,,,,,,
,,,,,,
,,,,,,
,,,,,,
,,,,,,
,,,,,,
,,,,,,
,,,,,,
,,,,,,
,,,,,,
,,,,,,
,,,,,,
,,,,,,
,,,,,,
,,,,,,
,,,,,,
,,,,,,
,,,,,,
,,,,,,
,,,,,,
,,,,,,
,,,,,,
,,,,,,
,,,,,,
,,,,,,
,,,,,,
